ordinal_date,five_thirty_eight,gallup,ipsos,morning_consult,rasmussen,you_gov
736389,43.75505,43.843213,46.19925042857143,48.318749,44.104692,43.636914000000004
736390,43.71027,43.843213,46.19925042857143,48.318749,46.104692,41.636914000000004
736391,43.90226,43.843213,46.437345666666666,48.318749,47.104692,41.636914000000004
736392,43.90226,43.843213,46.437345666666666,48.318749,47.104692,41.636914000000004
736393,43.93693,43.843213,46.437345666666666,48.318749,47.104692,41.636914000000004
736394,44.083709999999996,44.843213,46.437345666666666,48.318749,46.104692,41.636914000000004
736395,44.3455,43.843213,46.920679,48.318749,45.104692,41.636914000000004
736396,44.33974,42.843213,46.920679,48.318749,43.104692,42.636914000000004
736397,44.25294,41.843213,46.920679,48.318749,43.104692,42.636914000000004
736398,44.510290000000005,42.843213,48.870678999999996,48.318749,42.104692,42.636914000000004
736399,44.6835,44.843213,48.870678999999996,48.318749,42.104692,42.636914000000004
736400,44.766690000000004,45.843213,48.870678999999996,48.318749,42.104692,42.636914000000004
736401,44.53927,42.843213,48.870678999999996,48.318749,41.104692,42.636914000000004
736402,44.29615,39.843213,48.220679,48.318749,40.104692,42.636914000000004
736403,43.732,40.843213,48.220679,50.318749,39.104692,41.636914000000004
736404,43.59192,42.843213,48.220679,50.318749,41.104692,41.636914000000004
736405,43.36182,41.843213,45.23734566666667,50.318749,42.104692,41.636914000000004
736406,42.70947,40.843213,45.23734566666667,50.318749,42.104692,41.636914000000004
736407,42.48279,37.843213,45.23734566666667,50.318749,42.104692,41.636914000000004
736408,42.56183,39.843213,45.23734566666667,50.318749,43.104692,41.636914000000004
736409,42.41769,39.843213,45.23734566666667,50.318749,44.104692,41.636914000000004
736410,42.340759999999996,40.843213,44.895678999999994,48.318749,40.104692,41.636914000000004
736411,42.287729999999996,39.843213,44.895678999999994,48.318749,41.104692,41.636914000000004
736412,42.15625,41.843213,47.30401233333333,48.318749,38.104692,41.636914000000004
736413,42.14841,41.843213,47.30401233333333,48.318749,38.104692,41.636914000000004
736414,42.08798,40.843213,47.30401233333333,48.318749,38.104692,41.636914000000004
736415,41.81089,36.843213,47.30401233333333,48.318749,39.104692,41.636914000000004
736416,41.55795,36.843213,45.79567899999999,48.318749,39.104692,41.636914000000004
736417,41.20364,35.843213,45.79567899999999,43.318749,38.104692,41.636914000000004
736418,40.636179999999996,38.843213,45.79567899999999,43.318749,38.104692,41.636914000000004
736419,40.481790000000004,38.843213,45.20401233333333,43.318749,37.104692,41.636914000000004
736420,40.54905,40.843213,45.20401233333333,43.318749,37.104692,41.636914000000004
736421,40.448479999999996,38.843213,45.20401233333333,43.318749,37.104692,41.636914000000004
736422,39.84783,38.843213,45.20401233333333,43.318749,36.104692,41.636914000000004
736423,40.01525,39.843213,47.595679,43.318749,37.104692,41.636914000000004
736424,40.66016,42.843213,47.595679,45.318749,40.104692,40.636914000000004
736425,40.41075,41.843213,47.595679,45.318749,40.104692,40.636914000000004
736426,40.38835,40.843213,45.50401233333333,45.318749,39.104692,40.636914000000004
736427,40.40128,40.843213,45.50401233333333,45.318749,39.104692,40.636914000000004
736428,40.41701,40.843213,45.50401233333333,45.318749,39.104692,40.636914000000004
736429,40.877309999999994,40.843213,45.50401233333333,45.318749,38.104692,40.636914000000004
736430,41.513259999999995,40.843213,46.59567899999999,45.318749,41.104692,40.636914000000004
736431,41.64417,41.843213,46.59567899999999,46.318749,41.104692,40.636914000000004
736432,41.44421,40.843213,46.59567899999999,46.318749,42.104692,40.636914000000004
736433,41.27088,40.843213,46.59567899999999,46.318749,42.104692,40.636914000000004
736434,41.23275,39.843213,46.59567899999999,46.318749,42.104692,40.636914000000004
736435,41.340309999999995,41.843213,46.59567899999999,46.318749,42.104692,40.636914000000004
736436,41.62966,41.843213,48.23734566666667,46.318749,44.104692,40.636914000000004
736437,41.70159,41.843213,48.23734566666667,46.318749,44.104692,40.636914000000004
736438,41.92009,42.843213,45.120678999999996,46.318749,42.104692,41.636914000000004
736439,42.02447,43.843213,45.120678999999996,46.318749,43.104692,41.636914000000004
736440,41.89439,43.843213,45.120678999999996,46.318749,43.104692,41.636914000000004
736441,41.88213,42.843213,45.120678999999996,46.318749,43.104692,41.636914000000004
736442,41.63386,40.843213,45.120678999999996,46.318749,43.104692,41.636914000000004
736443,41.76186,40.843213,45.120678999999996,46.318749,45.104692,41.636914000000004
736444,41.42433,40.843213,42.570679000000005,46.318749,41.104692,41.636914000000004
736445,41.98724,39.843213,40.470679000000004,49.318749,40.104692,42.636914000000004
736446,42.1408,40.843213,40.470679000000004,49.318749,39.104692,42.636914000000004
736447,41.9548,43.843213,40.470679000000004,49.318749,41.104692,42.636914000000004
736448,41.99678,43.843213,40.470679000000004,49.318749,41.104692,42.636914000000004
736449,41.987759999999994,42.843213,40.470679000000004,49.318749,41.104692,42.636914000000004
736450,41.873090000000005,41.843213,41.80401233333333,49.318749,41.104692,42.636914000000004
736451,41.99481,42.843213,41.80401233333333,49.318749,42.104692,42.636914000000004
736452,42.382940000000005,42.843213,43.345679000000004,46.318749,43.104692,43.636914000000004
736453,42.42966,42.843213,43.345679000000004,46.318749,42.104692,43.636914000000004
736454,42.33636,42.843213,43.904012333333334,46.318749,40.104692,43.636914000000004
736455,42.17928,40.843213,43.904012333333334,46.318749,40.104692,43.636914000000004
736456,42.136109999999995,40.843213,43.904012333333334,46.318749,40.104692,43.636914000000004
736457,42.168620000000004,42.843213,43.904012333333334,46.318749,39.104692,43.636914000000004
736458,41.933279999999996,40.843213,43.470679,46.318749,40.104692,43.636914000000004
736459,41.21492,40.843213,43.470679,42.318749,41.104692,41.636914000000004
736460,41.157920000000004,38.843213,43.470679,42.318749,42.104692,41.636914000000004
736461,41.129459999999995,41.843213,43.470679,43.318749,39.104692,41.636914000000004
736462,41.08303,40.843213,43.470679,43.318749,39.104692,41.636914000000004
736463,40.63778,39.843213,42.404012333333334,43.318749,39.104692,41.636914000000004
736464,40.50564,38.843213,42.404012333333334,43.318749,38.104692,41.636914000000004
736465,39.90671,38.843213,41.195679,43.318749,37.104692,41.636914000000004
736466,39.6813,38.843213,41.195679,41.318749,38.104692,39.636914000000004
736467,39.450359999999996,38.843213,41.195679,41.318749,38.104692,39.636914000000004
736468,38.86071,38.843213,39.070679,39.318749,38.104692,39.636914000000004
736469,38.80148,37.843213,39.070679,39.318749,38.104692,39.636914000000004
736470,38.83015,38.843213,39.070679,39.318749,38.104692,39.636914000000004
736471,38.78198,37.843213,39.070679,39.318749,38.104692,39.636914000000004
736472,39.14797,38.843213,39.070679,39.318749,40.104692,39.636914000000004
736473,38.99393,39.843213,37.520679,44.318749,42.104692,39.636914000000004
736474,39.05955,39.843213,37.520679,44.318749,42.104692,39.636914000000004
736475,39.28042,41.843213,37.520679,44.318749,42.104692,39.636914000000004
736476,39.27729,41.843213,37.520679,44.318749,40.104692,39.636914000000004
736477,39.3673,42.843213,37.520679,44.318749,40.104692,39.636914000000004
736478,39.3634,42.843213,37.520679,44.318749,39.104692,39.636914000000004
736479,39.21078,41.843213,39.09925042857143,44.318749,38.104692,39.636914000000004
736480,39.14719,41.843213,39.09925042857143,43.318749,37.104692,38.636914000000004
736481,39.113640000000004,40.843213,39.09925042857143,43.318749,37.104692,38.636914000000004
736482,39.10624,39.843213,39.09925042857143,43.318749,38.104692,38.636914000000004
736483,38.9981,37.843213,40.90401233333333,43.318749,38.104692,38.636914000000004
736484,38.890209999999996,36.843213,40.90401233333333,43.318749,38.104692,38.636914000000004
736485,38.998259999999995,37.843213,40.90401233333333,43.318749,40.104692,38.636914000000004
736486,38.60328,38.843213,38.995679,43.318749,40.104692,38.636914000000004
736487,38.28024,38.843213,38.995679,42.318749,39.104692,38.636914000000004
736488,38.24259,37.843213,38.995679,42.318749,40.104692,38.636914000000004
736489,38.04195,37.843213,38.07067899999999,42.318749,40.104692,38.636914000000004
736490,38.12778,39.843213,38.07067899999999,42.318749,40.104692,38.636914000000004
736491,38.09373,38.843213,38.07067899999999,42.318749,40.104692,38.636914000000004
736492,38.29467,36.843213,38.07067899999999,42.318749,40.104692,38.636914000000004
736493,38.255340000000004,36.843213,38.445679,42.318749,37.104692,38.636914000000004
736494,38.3791,36.843213,38.445679,42.318749,39.104692,39.636914000000004
736495,38.38903,38.843213,38.445679,42.318749,41.104692,39.636914000000004
736496,38.66948,38.843213,40.370678999999996,42.318749,44.104692,39.636914000000004
736497,38.7223,39.843213,40.370678999999996,42.318749,44.104692,39.636914000000004
736498,38.732209999999995,39.843213,40.370678999999996,42.318749,44.104692,39.636914000000004
736499,38.71433,38.843213,40.370678999999996,42.318749,42.104692,39.636914000000004
736500,38.62213,37.843213,40.370678999999996,42.318749,41.104692,39.636914000000004
736501,38.40358,37.843213,37.570679,42.318749,39.104692,40.636914000000004
736502,38.74978,39.843213,37.570679,42.318749,40.104692,40.636914000000004
736503,39.77451,42.843213,37.570679,42.318749,40.104692,40.636914000000004
736504,39.66325,39.843213,37.570679,42.318749,40.104692,40.636914000000004
736505,39.58413,38.843213,37.570679,42.318749,40.104692,40.636914000000004
736506,39.46778,36.843213,39.070679000000005,42.318749,41.104692,40.636914000000004
736507,38.71787,39.843213,36.370678999999996,42.318749,40.104692,40.636914000000004
736508,39.3798,39.843213,36.370678999999996,43.318749,40.104692,39.636914000000004
736509,39.935159999999996,40.843213,36.370678999999996,43.318749,39.104692,39.636914000000004
736510,39.60293,38.843213,36.63734566666667,43.318749,40.104692,39.636914000000004
736511,39.58723,38.843213,36.63734566666667,43.318749,40.104692,39.636914000000004
736512,39.51341,37.843213,36.63734566666667,43.318749,40.104692,39.636914000000004
736513,39.529990000000005,39.843213,36.63734566666667,43.318749,38.104692,39.636914000000004
736514,39.41248,37.843213,36.63734566666667,43.318749,38.104692,39.636914000000004
736515,39.03904,37.843213,38.670679,43.318749,38.104692,38.636914000000004
736516,39.00697,37.843213,38.670679,43.318749,38.104692,38.636914000000004
736517,39.01347,37.843213,38.620678999999996,43.318749,39.104692,38.636914000000004
736518,39.03389,38.843213,38.620678999999996,43.318749,39.104692,38.636914000000004
736519,39.08517,39.843213,38.620678999999996,43.318749,39.104692,38.636914000000004
736520,39.12117,39.843213,38.620678999999996,43.318749,39.104692,38.636914000000004
736521,39.24297,40.843213,40.045679,43.318749,39.104692,38.636914000000004
736522,39.29457,40.843213,40.045679,43.318749,39.104692,37.636914000000004
736523,39.25278,40.843213,40.045679,43.318749,38.104692,37.636914000000004
736524,39.14643,39.843213,41.00401233333333,43.318749,37.104692,37.636914000000004
736525,39.09839,38.843213,41.00401233333333,43.318749,37.104692,37.636914000000004
736526,38.60715,38.843213,41.00401233333333,43.318749,37.104692,37.636914000000004
736527,38.818940000000005,39.843213,41.00401233333333,43.318749,37.104692,37.636914000000004
736528,38.72128,38.843213,40.470679000000004,43.318749,37.104692,37.636914000000004
736529,38.712509999999995,37.843213,40.470679000000004,43.318749,36.104692,38.636914000000004
736530,38.6458,36.843213,40.470679000000004,43.318749,37.104692,38.636914000000004
736531,38.3734,37.843213,38.63734566666667,43.318749,37.104692,38.636914000000004
736532,38.418409999999994,38.843213,38.63734566666667,43.318749,37.104692,38.636914000000004
736533,38.4932,39.843213,38.63734566666667,43.318749,37.104692,38.636914000000004
736534,39.052890000000005,37.843213,38.63734566666667,43.318749,38.104692,38.636914000000004
736535,38.38955,36.843213,37.120678999999996,43.318749,36.104692,38.636914000000004
736536,38.549609999999994,37.843213,37.120678999999996,43.318749,36.104692,39.636914000000004
736537,38.549279999999996,39.843213,37.120678999999996,43.318749,36.104692,39.636914000000004
736538,38.35725,39.843213,36.770679,43.318749,35.104692,39.636914000000004
736539,38.38412,39.843213,36.770679,43.318749,35.104692,39.636914000000004
736540,38.352309999999996,38.843213,36.770679,43.318749,35.104692,39.636914000000004
736541,38.20862,37.843213,36.770679,41.318749,33.104692,39.636914000000004
736542,37.76429,37.843213,37.445679,41.318749,33.104692,39.636914000000004
736543,37.04735,36.843213,37.445679,41.318749,32.104692,37.636914000000004
736544,37.01992,36.843213,37.445679,41.318749,33.104692,37.636914000000004
736545,36.91279,36.843213,37.445679,41.318749,33.104692,37.636914000000004
736546,36.95828,37.843213,37.445679,41.318749,33.104692,37.636914000000004
736547,36.98021,38.843213,37.73734566666666,41.318749,33.104692,37.636914000000004
736548,36.60229,38.843213,37.73734566666666,41.318749,35.104692,37.636914000000004
736549,36.90808,37.843213,35.995678999999996,41.318749,35.104692,37.636914000000004
736550,36.86343,36.843213,35.995678999999996,38.318749,36.104692,37.636914000000004
736551,36.93701,36.843213,35.995678999999996,38.318749,38.104692,37.636914000000004
736552,37.56736,37.843213,37.73734566666666,38.318749,39.104692,37.636914000000004
736553,37.622279999999996,37.843213,37.73734566666666,38.318749,39.104692,37.636914000000004
736554,37.57039,36.843213,37.73734566666666,38.318749,39.104692,37.636914000000004
736555,37.39813,34.843213,37.73734566666666,38.318749,37.104692,37.636914000000004
736556,37.63694,36.843213,37.695679,38.318749,36.104692,37.636914000000004
736557,37.33916,36.843213,37.695679,38.318749,34.104692,37.136914000000004
736558,37.855540000000005,37.843213,37.695679,38.318749,34.104692,37.136914000000004
736559,37.79533,38.843213,35.20401233333333,38.318749,36.104692,37.136914000000004
736560,37.79533,38.843213,35.20401233333333,38.318749,36.104692,37.136914000000004
736561,37.72692,37.343213,35.20401233333333,38.318749,36.104692,37.136914000000004
736562,37.05765,35.843213,35.20401233333333,38.318749,36.104692,34.636914000000004
736563,36.81282,35.843213,36.170679,38.318749,37.104692,34.636914000000004
736564,36.92514,35.843213,36.170679,38.318749,35.104692,39.636914000000004
736565,37.01527,34.843213,36.170679,38.318749,36.104692,39.636914000000004
736566,36.91675,34.843213,36.304012333333326,38.318749,36.104692,39.636914000000004
736567,36.93331,35.843213,36.304012333333326,38.318749,36.104692,39.636914000000004
736568,36.921440000000004,35.843213,36.304012333333326,38.318749,36.104692,39.636914000000004
736569,36.928129999999996,35.843213,36.304012333333326,38.318749,36.104692,39.636914000000004
736570,36.822070000000004,35.843213,36.595679,38.318749,35.104692,39.636914000000004
736571,37.318529999999996,35.843213,36.595679,38.318749,35.104692,38.636914000000004
736572,37.22177,34.843213,36.595679,38.318749,35.104692,38.636914000000004
736573,37.3336,34.843213,38.037345666666674,38.318749,36.104692,38.636914000000004
736574,37.28516,34.843213,38.037345666666674,38.318749,36.104692,38.636914000000004
736575,37.35038,36.843213,38.037345666666674,38.318749,36.104692,38.636914000000004
736576,37.50347,38.843213,38.037345666666674,38.318749,37.104692,38.636914000000004
736577,37.76652,37.843213,38.770679,41.318749,38.104692,38.636914000000004
736578,38.21691,37.843213,38.770679,41.318749,39.104692,41.636914000000004
736579,38.37829,36.843213,38.770679,41.318749,39.104692,41.636914000000004
736580,38.68817,36.843213,41.10401233333334,41.318749,40.104692,41.636914000000004
736581,38.76101,38.843213,41.10401233333334,41.318749,40.104692,41.636914000000004
736582,38.75933,38.843213,41.10401233333334,41.318749,40.104692,41.636914000000004
736583,38.718090000000004,38.843213,41.10401233333334,41.318749,38.104692,41.636914000000004
736584,38.1081,37.843213,38.145679,41.318749,38.104692,41.636914000000004
736585,38.20712,37.843213,38.145679,40.318749,36.104692,39.636914000000004
736586,38.48572,37.843213,38.145679,40.318749,38.104692,39.636914000000004
736587,38.85391,37.843213,36.170679,40.318749,37.104692,39.636914000000004
736588,38.79293,36.843213,36.170679,40.318749,37.104692,39.636914000000004
736589,38.79023,38.843213,36.170679,39.318749,37.104692,39.636914000000004
736590,38.90175,38.843213,36.170679,39.318749,38.104692,40.636914000000004
736591,38.851890000000004,38.843213,39.270679,39.318749,37.104692,40.636914000000004
736592,39.06307,39.843213,39.270679,39.318749,36.104692,39.636914000000004
736593,39.45935,37.843213,39.270679,39.318749,37.104692,39.636914000000004
736594,39.494640000000004,38.843213,39.070679,39.318749,37.104692,39.636914000000004
736595,39.44529,37.843213,39.070679,39.318749,37.104692,39.636914000000004
736596,39.59408,40.843213,39.070679,39.318749,37.104692,39.636914000000004
736597,39.6704,39.843213,39.070679,39.318749,37.604692,39.636914000000004
736598,38.92197,39.843213,38.845679,39.318749,36.104692,39.636914000000004
736599,38.792159999999996,37.843213,38.845679,39.318749,37.104692,37.636914000000004
736600,38.82832,36.843213,38.845679,39.318749,37.104692,37.636914000000004
736601,38.62467,37.843213,38.337345666666664,39.318749,39.104692,37.636914000000004
736602,38.61241,37.843213,38.337345666666664,39.318749,39.104692,37.636914000000004
736603,38.660990000000005,38.843213,38.337345666666664,39.318749,39.104692,37.636914000000004
736604,38.52001,37.843213,38.337345666666664,39.318749,36.104692,37.636914000000004
736605,38.61701,38.843213,39.020679,39.318749,36.104692,37.636914000000004
736606,38.92259,39.843213,39.020679,39.318749,38.104692,39.636914000000004
736607,38.81237,39.843213,39.020679,39.318749,39.104692,39.636914000000004
736608,38.1001,39.843213,37.00401233333333,39.318749,40.104692,39.636914000000004
736609,38.13292,39.843213,37.00401233333333,39.318749,40.104692,39.636914000000004
736610,38.10051,38.843213,37.00401233333333,39.318749,40.104692,39.636914000000004
736611,38.021879999999996,37.843213,37.00401233333333,39.318749,38.104692,39.636914000000004
736612,37.45793,36.843213,37.00401233333333,39.318749,37.104692,39.636914000000004
736613,37.7519,37.843213,37.00401233333333,39.318749,37.104692,36.636914000000004
736614,37.854079999999996,37.843213,37.00401233333333,39.318749,38.104692,36.636914000000004
736615,37.6958,39.843213,36.820679,39.318749,37.104692,36.636914000000004
736616,37.628859999999996,38.843213,36.820679,39.318749,37.104692,36.636914000000004
736617,37.66046,38.843213,36.820679,39.318749,37.104692,36.636914000000004
736618,38.14785,36.843213,36.820679,39.318749,37.104692,36.636914000000004
736619,37.986540000000005,37.843213,37.056393285714286,39.318749,35.104692,36.636914000000004
736620,38.07331,36.843213,37.056393285714286,39.318749,37.104692,37.636914000000004
736621,37.966640000000005,36.843213,37.056393285714286,39.318749,35.104692,37.636914000000004
736622,37.84346,35.843213,37.904012333333334,39.318749,37.104692,37.636914000000004
736623,37.86096,36.843213,37.904012333333334,39.318749,37.104692,37.636914000000004
736624,37.85255,36.843213,37.904012333333334,39.318749,37.104692,37.636914000000004
736625,37.48936,36.843213,37.904012333333334,39.318749,35.104692,37.636914000000004
736626,37.1561,36.843213,36.395679,39.318749,37.104692,37.636914000000004
736627,37.07568,36.843213,36.395679,39.318749,36.104692,37.636914000000004
736628,37.46911,37.843213,36.395679,39.318749,37.104692,37.636914000000004
736629,37.30399,36.843213,35.370679,39.318749,37.104692,37.636914000000004
736630,37.29323,36.843213,35.370679,39.318749,37.104692,37.636914000000004
736631,37.26856,35.843213,35.370679,39.318749,37.104692,37.636914000000004
736632,37.26442,33.843213,35.370679,39.318749,38.104692,37.636914000000004
736633,37.24255,34.843213,37.145678999999994,39.318749,38.104692,37.636914000000004
736634,37.75723,35.843213,37.145678999999994,39.318749,37.104692,40.636914000000004
736635,37.975590000000004,38.843213,37.145678999999994,39.318749,37.104692,40.636914000000004
736636,37.8332,39.843213,36.370679,39.318749,37.104692,40.636914000000004
736637,37.88012,39.843213,36.370679,39.318749,37.104692,40.636914000000004
736638,37.788509999999995,37.843213,36.370679,39.318749,37.104692,40.636914000000004
736639,37.69767,37.843213,36.370679,39.318749,38.104692,40.636914000000004
736640,37.55069,37.843213,36.345679,39.318749,37.104692,40.636914000000004
736641,37.58189,38.843213,36.345679,39.318749,36.104692,37.636914000000004
736642,37.65916,37.843213,35.770679,39.318749,37.104692,37.636914000000004
736643,37.85893,37.843213,35.770679,39.318749,38.104692,37.636914000000004
736644,37.91284,38.843213,35.770679,39.318749,38.104692,37.636914000000004
736645,37.984970000000004,39.843213,35.770679,39.318749,38.104692,37.636914000000004
736646,38.07273,38.843213,35.770679,39.318749,40.104692,37.636914000000004
736647,38.05358,38.843213,36.770678999999994,40.318749,38.104692,37.636914000000004
736648,38.08255,37.843213,36.770678999999994,40.318749,39.104692,34.636914000000004
736649,38.125820000000004,37.843213,36.770678999999994,40.318749,35.104692,34.636914000000004
736650,38.07958,37.843213,38.30401233333333,40.318749,36.104692,34.636914000000004
736651,38.19148,39.843213,38.30401233333333,40.318749,36.104692,34.636914000000004
736652,38.1493,38.843213,38.30401233333333,40.318749,36.104692,34.636914000000004
736653,38.115390000000005,38.843213,38.30401233333333,40.318749,35.104692,34.636914000000004
736654,38.168409999999994,36.843213,37.845679,40.318749,37.104692,34.636914000000004
736655,38.41062,38.843213,37.845679,40.318749,38.104692,37.636914000000004
736656,38.42519,38.843213,37.845679,40.318749,38.104692,37.636914000000004
736657,38.42519,38.843213,37.845679,40.318749,38.104692,37.636914000000004
736658,38.44119,38.843213,37.845679,40.318749,38.104692,37.636914000000004
736659,38.39222,37.843213,37.845679,40.318749,38.104692,37.636914000000004
736660,38.3837,37.843213,37.845679,40.318749,37.104692,37.636914000000004
736661,38.24538,37.843213,37.070679000000005,40.318749,36.104692,37.636914000000004
736662,38.42575,38.843213,38.020678999999994,41.318749,35.104692,39.636914000000004
736663,38.16322,36.843213,38.020678999999994,41.318749,36.104692,39.636914000000004
736664,38.00967,34.843213,38.10401233333334,41.318749,38.104692,39.636914000000004
736665,37.90633,33.843213,38.10401233333334,41.318749,38.104692,39.636914000000004
736666,37.89624,34.843213,38.10401233333334,41.318749,38.104692,39.636914000000004
736667,37.860929999999996,35.843213,38.10401233333334,41.318749,36.104692,39.636914000000004
736668,37.90712,35.843213,38.270679,41.318749,37.104692,39.636914000000004
736669,37.84785,36.843213,38.270679,43.318749,36.104692,37.636914000000004
736670,37.27071,37.843213,38.270679,43.318749,38.104692,37.636914000000004
736671,37.28476,38.843213,38.270679,43.318749,36.104692,37.636914000000004
736672,37.26849,37.843213,38.270679,43.318749,36.104692,37.636914000000004
736673,37.12042,36.843213,37.470679,43.318749,36.104692,37.636914000000004
736674,37.07095,35.843213,37.470679,43.318749,36.104692,37.636914000000004
736675,37.178779999999996,35.843213,35.595679,43.318749,35.104692,37.636914000000004
736676,36.66145,36.843213,35.595679,43.318749,35.104692,38.636914000000004
736677,37.07505,36.843213,35.595679,43.318749,35.104692,38.636914000000004
736678,36.45856,35.843213,34.670679,43.318749,34.104692,38.636914000000004
736679,36.40314,34.843213,34.670679,43.318749,34.104692,38.636914000000004
736680,37.00387,35.843213,34.670679,43.318749,34.104692,38.636914000000004
736681,37.21277,34.843213,34.670679,43.318749,36.104692,38.636914000000004
736682,37.10143,36.843213,35.545679,43.318749,37.104692,38.636914000000004
736683,37.20605,35.843213,35.545679,43.318749,38.104692,38.636914000000004
736684,37.0453,35.843213,35.545679,43.318749,37.104692,38.636914000000004
736685,37.14611,36.843213,35.545679,43.318749,38.104692,38.636914000000004
736686,37.25974,38.843213,35.545679,43.318749,38.104692,38.636914000000004
736687,37.3656,39.843213,35.545679,43.318749,38.104692,38.636914000000004
736688,37.3656,39.843213,35.545679,43.318749,38.104692,38.636914000000004
736689,37.38361,39.843213,36.956393285714285,43.318749,38.104692,38.636914000000004
736690,37.53883,38.843213,36.956393285714285,43.318749,39.104692,38.636914000000004
736691,37.731590000000004,38.843213,36.956393285714285,43.318749,40.104692,38.636914000000004
736692,37.71204,38.843213,37.20401233333333,39.318749,39.104692,38.636914000000004
736693,37.73003,38.843213,37.20401233333333,39.318749,39.104692,38.636914000000004
736694,37.8654,40.843213,37.20401233333333,39.318749,39.104692,38.636914000000004
736695,37.8654,40.843213,37.20401233333333,39.318749,39.104692,38.636914000000004
736696,38.120470000000005,40.843213,39.520679,39.318749,39.104692,38.636914000000004
736697,38.16097,40.843213,39.520679,39.318749,38.104692,38.636914000000004
736698,38.473279999999995,40.843213,39.520679,39.318749,39.104692,38.636914000000004
736699,38.82547,40.843213,41.245679,39.318749,38.104692,38.636914000000004
736700,38.82547,40.843213,41.245679,39.318749,38.104692,38.636914000000004
736701,38.82547,40.843213,41.245679,39.318749,38.104692,38.636914000000004
736702,38.69312,37.843213,41.245679,39.318749,36.104692,38.636914000000004
736703,38.73449,37.843213,41.245679,39.318749,37.104692,38.636914000000004
736704,39.22063,37.843213,42.520679,39.318749,38.104692,38.636914000000004
736705,39.10347,37.843213,42.520679,39.318749,39.104692,38.636914000000004
736706,39.100970000000004,37.843213,41.00401233333333,39.318749,40.104692,38.636914000000004
736707,39.100970000000004,37.843213,41.00401233333333,39.318749,40.104692,38.636914000000004
736708,39.100970000000004,37.843213,41.00401233333333,39.318749,40.104692,38.636914000000004
736709,39.29245,38.843213,41.00401233333333,39.318749,40.104692,38.636914000000004
736710,39.781459999999996,38.843213,41.195679,39.318749,39.104692,38.636914000000004
736711,40.20608,38.843213,41.195679,39.318749,39.104692,42.636914000000004
736712,39.754529999999995,38.843213,41.195679,39.318749,39.104692,42.636914000000004
736713,39.47084,38.843213,38.23734566666667,39.318749,39.104692,42.636914000000004
736714,39.47084,38.843213,38.23734566666667,39.318749,39.104692,42.636914000000004
736715,39.11164,38.843213,38.23734566666667,39.318749,39.104692,42.636914000000004
736716,38.66162,36.843213,38.23734566666667,40.318749,36.104692,42.636914000000004
736717,38.353790000000004,36.843213,36.895679,40.318749,37.104692,42.636914000000004
736718,39.18694,36.843213,36.895679,40.318749,38.104692,39.636914000000004
736719,39.04172,36.843213,36.895679,40.318749,39.104692,39.636914000000004
736720,38.822559999999996,36.843213,37.570679,40.318749,38.104692,39.636914000000004
736721,38.822559999999996,36.843213,37.570679,40.318749,38.104692,39.636914000000004
736722,38.822559999999996,36.843213,37.570679,40.318749,38.104692,39.636914000000004
736723,38.783429999999996,38.843213,37.570679,40.318749,37.104692,39.636914000000004
736724,38.99561,38.843213,38.920679,40.318749,37.104692,39.636914000000004
736725,39.52642,38.843213,38.920679,40.318749,38.104692,39.636914000000004
736726,39.77913,38.843213,38.920679,40.318749,39.104692,39.636914000000004
736727,40.19921,38.843213,42.00401233333333,40.318749,43.104692,39.636914000000004
736728,40.208009999999994,38.843213,42.00401233333333,40.318749,43.104692,39.636914000000004
736729,40.208009999999994,38.843213,42.00401233333333,40.318749,43.104692,39.636914000000004
736730,40.37448,40.843213,42.00401233333333,40.318749,43.104692,39.636914000000004
736731,40.13234,40.843213,40.895679,40.318749,43.104692,39.636914000000004
736732,40.71095,40.843213,40.895679,40.318749,42.104692,40.636914000000004
736733,40.811609999999995,40.843213,40.895679,40.318749,42.104692,40.636914000000004
736734,40.83043,40.843213,41.404012333333334,40.318749,43.104692,40.636914000000004
736735,40.83043,40.843213,41.404012333333334,40.318749,43.104692,40.636914000000004
736736,40.83043,40.843213,41.404012333333334,40.318749,43.104692,40.636914000000004
736737,40.91967,40.843213,41.404012333333334,40.318749,42.104692,40.636914000000004
736738,40.981629999999996,40.843213,40.945679,40.318749,42.104692,40.636914000000004
736739,41.427859999999995,40.843213,40.945679,45.318749,41.104692,41.636914000000004
736740,41.45908,40.843213,40.945679,45.318749,42.104692,41.636914000000004
736741,41.3879,40.843213,40.170679,45.318749,41.104692,41.636914000000004
736742,41.3879,40.843213,40.170679,45.318749,41.104692,41.636914000000004
736743,41.3879,40.843213,40.170679,45.318749,41.104692,41.636914000000004
736744,41.14141,37.843213,40.170679,45.318749,41.104692,41.636914000000004
736745,40.9889,37.843213,39.995679,45.318749,40.104692,41.636914000000004
736746,40.54642,37.843213,39.995679,45.318749,42.104692,41.636914000000004
736747,40.574740000000006,37.843213,39.995679,45.318749,42.104692,41.636914000000004
736748,40.01941,37.843213,40.40401233333333,45.318749,44.104692,41.636914000000004
736749,40.01941,37.843213,40.40401233333333,45.318749,44.104692,41.636914000000004
736750,39.07833,37.843213,40.40401233333333,45.318749,44.104692,41.636914000000004
736751,39.37048,39.843213,40.40401233333333,45.318749,43.104692,41.636914000000004
736752,39.63747,39.843213,41.295679,45.318749,44.104692,41.636914000000004
736753,40.03228,39.843213,41.295679,45.318749,43.104692,40.636914000000004
736754,40.59626,39.843213,41.295679,45.318749,43.104692,40.636914000000004
736755,40.418279999999996,39.843213,39.50401233333333,45.318749,43.104692,40.636914000000004
736756,40.418279999999996,39.843213,39.50401233333333,45.318749,43.104692,40.636914000000004
736757,40.418279999999996,39.843213,39.50401233333333,45.318749,43.104692,40.636914000000004
736758,40.387409999999996,39.843213,39.50401233333333,45.318749,42.104692,40.636914000000004
736759,40.47234,39.843213,40.745678999999996,45.318749,42.104692,40.636914000000004
736760,40.2174,39.843213,40.745678999999996,45.318749,40.104692,40.636914000000004
736761,40.62883,39.843213,40.745678999999996,45.318749,39.104692,40.636914000000004
736762,40.67968,39.843213,41.00401233333333,45.318749,38.104692,40.636914000000004
736763,40.67968,39.843213,41.00401233333333,45.318749,38.104692,40.636914000000004
736764,40.67968,39.843213,41.00401233333333,45.318749,38.104692,40.636914000000004
736765,40.65869,39.843213,41.00401233333333,45.318749,39.104692,40.636914000000004
736766,40.52831,39.843213,40.470679,45.318749,42.104692,40.636914000000004
736767,40.42437,39.843213,40.470679,42.318749,41.104692,39.636914000000004
736768,40.462959999999995,39.843213,40.470679,42.318749,40.104692,39.636914000000004
736769,40.24184,39.843213,39.03734566666667,42.318749,41.104692,39.636914000000004
736770,40.24184,39.843213,39.03734566666667,42.318749,41.104692,39.636914000000004
736771,40.5158,39.843213,39.03734566666667,42.318749,41.104692,39.636914000000004
736772,40.73995,40.843213,39.03734566666667,42.318749,41.104692,39.636914000000004
736773,40.73125,40.843213,39.520679,42.318749,41.104692,39.636914000000004
736774,40.587720000000004,40.843213,39.520679,41.318749,40.104692,37.636914000000004
736775,40.63551,40.843213,39.520679,41.318749,41.104692,37.636914000000004
736776,40.67521,40.843213,40.20401233333333,41.318749,40.104692,37.636914000000004
736777,40.416340000000005,40.843213,40.20401233333333,41.318749,40.104692,37.636914000000004
736778,40.74137,40.843213,40.20401233333333,41.318749,40.104692,37.636914000000004
736779,41.095040000000004,39.843213,40.20401233333333,41.318749,40.104692,37.636914000000004
736780,40.46638,39.843213,38.795679,41.318749,40.104692,37.636914000000004
736781,40.191109999999995,39.843213,38.795679,40.318749,39.104692,39.636914000000004
736782,40.21669,39.843213,38.795679,40.318749,39.104692,39.636914000000004
736783,40.54322,39.843213,41.23734566666666,40.318749,41.104692,39.636914000000004
736784,40.54322,39.843213,41.23734566666666,40.318749,41.104692,39.636914000000004
736785,40.54322,39.843213,41.23734566666666,40.318749,41.104692,39.636914000000004
736786,40.62948,39.843213,41.23734566666666,40.318749,44.104692,39.636914000000004
736787,40.39435,39.843213,40.320679,40.318749,43.104692,39.636914000000004
736788,40.301829999999995,39.843213,40.320679,40.318749,45.104692,38.636914000000004
736789,40.22276,39.843213,40.320679,40.318749,41.104692,38.636914000000004
736790,39.96867,39.843213,38.270678999999994,40.318749,41.104692,38.636914000000004
736791,39.96867,39.843213,38.270678999999994,40.318749,41.104692,38.636914000000004
736792,39.96867,39.843213,38.270678999999994,40.318749,41.104692,38.636914000000004
736793,40.23806,41.843213,38.270678999999994,40.318749,42.104692,38.636914000000004
736794,40.606159999999996,41.843213,38.270678999999994,40.318749,42.104692,38.636914000000004
736795,40.6097,41.843213,38.095679,40.318749,43.104692,40.636914000000004
736796,40.630829999999996,41.843213,38.095679,40.318749,44.104692,40.636914000000004
736797,40.77415,41.843213,39.870678999999996,40.318749,44.104692,40.636914000000004
736798,40.77415,41.843213,39.870678999999996,40.318749,44.104692,40.636914000000004
736799,40.59587,41.843213,39.870678999999996,40.318749,44.104692,40.636914000000004
736800,40.70876,39.843213,39.870678999999996,40.318749,45.104692,40.636914000000004
736801,40.592929999999996,39.843213,40.920679,40.318749,43.104692,40.636914000000004
736802,40.16125,39.843213,40.920679,39.318749,44.104692,38.636914000000004
736803,40.21317,39.843213,40.920679,39.318749,42.104692,38.636914000000004
736804,40.28197,39.843213,39.070679,39.318749,43.104692,38.636914000000004
736805,40.28197,39.843213,39.070679,39.318749,43.104692,38.636914000000004
736806,40.28197,39.843213,39.070679,39.318749,43.104692,38.636914000000004
736807,40.16019,38.843213,39.070679,39.318749,42.104692,38.636914000000004
736808,40.34375,38.843213,39.295679,39.318749,42.104692,38.636914000000004
736809,40.51619,38.843213,39.295679,40.318749,42.104692,38.636914000000004
736810,40.59169,38.843213,39.295679,40.318749,41.104692,38.636914000000004
736811,40.59867,38.843213,39.070679,40.318749,41.104692,38.636914000000004
736812,40.37253,38.843213,39.070679,40.318749,41.104692,38.636914000000004
736813,40.37253,38.843213,39.070679,40.318749,41.104692,38.636914000000004
736814,40.641459999999995,42.843213,39.070679,40.318749,41.104692,38.636914000000004
736815,41.21312,42.843213,41.945679,40.318749,42.104692,38.636914000000004
736816,41.151720000000005,42.843213,41.945679,40.318749,43.104692,40.636914000000004
736817,41.31839,42.843213,41.945679,40.318749,44.104692,40.636914000000004
736818,41.41713,42.843213,41.945679,40.318749,45.104692,40.636914000000004
736819,42.0897,42.843213,48.50401233333333,40.318749,45.104692,40.636914000000004
736820,42.0897,42.843213,48.50401233333333,40.318749,45.104692,40.636914000000004
736821,42.01726,42.843213,48.50401233333333,40.318749,43.104692,40.636914000000004
736822,41.90759,42.843213,48.50401233333333,40.318749,41.104692,40.636914000000004
736823,41.8737,42.843213,48.50401233333333,40.318749,41.104692,42.636914000000004
736824,41.965709999999994,42.843213,45.745679,40.318749,42.104692,42.636914000000004
736825,42.025659999999995,42.843213,45.745679,40.318749,43.104692,42.636914000000004
736826,42.12308,42.843213,44.20401233333333,40.318749,43.104692,42.636914000000004
736827,42.12308,42.843213,44.20401233333333,40.318749,43.104692,42.636914000000004
736828,42.099909999999994,43.843213,44.20401233333333,40.318749,41.104692,40.460443411764714
736829,42.329840000000004,43.843213,44.17067899999999,40.318749,41.104692,40.460443411764714
736830,42.14801,43.843213,44.17067899999999,40.318749,42.104692,39.636914000000004
736831,42.26259,43.843213,44.17067899999999,40.318749,43.104692,39.636914000000004
736832,42.38191,43.843213,44.937345666666666,40.318749,44.104692,39.636914000000004
736833,42.38191,43.843213,44.937345666666666,40.318749,44.104692,39.636914000000004
736834,42.38191,43.843213,44.937345666666666,40.318749,44.104692,39.636914000000004
736835,42.017379999999996,42.843213,44.937345666666666,40.318749,41.104692,41.636914000000004
736836,42.2518,42.843213,44.070679,40.318749,44.104692,41.636914000000004
736837,42.15873,42.843213,44.070679,41.818749,42.104692,38.636914000000004
736838,42.22643,42.843213,44.070679,41.818749,43.104692,38.636914000000004
736839,42.25806,42.843213,44.070679,41.818749,43.104692,41.636914000000004
736840,42.700379999999996,42.843213,46.170679,41.818749,43.104692,41.636914000000004
736841,42.700379999999996,42.843213,46.170679,41.818749,43.104692,41.636914000000004
736842,42.58736,40.843213,46.170679,41.818749,43.104692,41.636914000000004
736843,42.401709999999994,40.843213,46.170679,41.818749,42.104692,40.30358066666667
736844,42.29955,40.843213,46.170679,41.818749,41.104692,39.636914000000004
736845,41.646159999999995,40.843213,41.945679,41.818749,41.104692,39.636914000000004
736846,41.61631,40.843213,41.945679,41.818749,42.104692,39.636914000000004
736847,41.60918,40.843213,40.170679,41.818749,42.104692,39.636914000000004
736848,41.60918,40.843213,40.170679,41.818749,42.104692,39.636914000000004
736849,41.60794,41.843213,40.170679,41.818749,42.104692,41.636914000000004
736850,41.41488,41.843213,40.795679,42.318749,42.104692,41.636914000000004
736851,41.31416,41.843213,40.795679,42.318749,42.604692,39.636914000000004
736852,41.86653,41.843213,40.795679,42.318749,43.104692,41.636914000000004
736853,41.776340000000005,41.843213,40.795679,42.318749,41.104692,40.636914000000004
736854,41.628840000000004,41.843213,38.870678999999996,42.318749,41.104692,40.636914000000004
736855,41.628840000000004,41.843213,38.870678999999996,42.318749,41.104692,40.636914000000004
736856,41.502309999999994,42.843213,38.870678999999996,43.318749,41.104692,40.97024733333334
736857,41.56427,42.843213,40.520679,43.318749,43.104692,40.97024733333334
736858,41.43065,42.843213,40.520679,43.318749,43.104692,42.636914000000004
736859,41.79745,42.843213,40.520679,43.318749,43.104692,44.636914000000004
736860,42.0946,42.843213,42.770678999999994,42.318749,41.104692,43.97024733333334
736861,42.0946,42.843213,42.770678999999994,42.318749,41.104692,43.97024733333334
736862,42.0946,42.843213,42.770678999999994,42.318749,41.104692,43.97024733333334
736863,42.23578,45.843213,42.770678999999994,42.318749,42.104692,41.97024733333334
736864,42.30142,45.843213,43.79567900000001,42.318749,42.104692,41.97024733333334
736865,42.51168,45.843213,43.79567900000001,42.318749,42.104692,41.636914000000004
736866,42.56531,45.843213,43.79567900000001,42.318749,40.104692,41.636914000000004
736867,42.37092,45.843213,42.10401233333334,42.318749,40.104692,41.636914000000004
736868,42.37092,45.843213,42.10401233333334,42.318749,40.104692,41.636914000000004
736869,42.49755,45.843213,42.10401233333334,42.318749,40.104692,44.136914000000004
736870,42.29508,41.843213,42.10401233333334,42.318749,40.104692,41.30358066666667
736871,42.19255,41.843213,41.470679,42.318749,40.104692,41.30358066666667
736872,41.87872,41.843213,41.470679,42.318749,39.104692,38.30358066666667
736873,41.89148,41.843213,41.470679,42.318749,40.104692,38.30358066666667
736874,41.75614,41.843213,41.470679,42.318749,41.104692,38.30358066666667
736875,41.75614,41.843213,41.470679,42.318749,41.104692,38.30358066666667
736876,41.79801,41.843213,41.470679,42.318749,41.104692,41.886914000000004
736877,42.002959999999995,42.843213,41.470679,42.318749,42.104692,41.886914000000004
736878,41.83677,42.843213,40.845679,41.318749,42.104692,41.636914000000004
736879,41.83677,42.843213,40.845679,41.318749,42.104692,41.636914000000004
736880,41.8582,42.843213,40.845679,41.318749,42.104692,41.636914000000004
736881,42.243390000000005,42.843213,42.837345666666664,41.318749,41.104692,41.636914000000004
736882,42.243390000000005,42.843213,42.837345666666664,41.318749,41.104692,41.636914000000004
736883,42.20303,42.843213,42.837345666666664,41.318749,41.104692,40.636914000000004
736884,42.13817,41.843213,42.837345666666664,41.318749,41.104692,41.636914000000004
736885,41.86861,41.843213,40.745678999999996,41.318749,41.104692,41.636914000000004
736886,41.96289,41.843213,40.745678999999996,44.318749,41.104692,39.636914000000004
736887,42.28969,41.843213,40.745678999999996,44.318749,40.104692,39.636914000000004
736888,42.06443,41.843213,38.870679,44.318749,40.104692,39.636914000000004
736889,42.03181,41.843213,38.870679,44.318749,40.104692,40.97024733333334
736890,42.03181,41.843213,38.870679,44.318749,40.104692,40.97024733333334
736891,42.122409999999995,43.843213,38.870679,44.318749,39.104692,41.636914000000004
736892,42.0509,43.843213,39.820679,44.318749,40.104692,43.636914000000004
736893,41.76017,43.843213,39.820679,44.318749,38.104692,39.636914000000004
736894,41.78589,43.843213,39.820679,44.318749,39.104692,42.636914000000004
736895,41.785270000000004,43.843213,41.23734566666667,44.318749,38.104692,42.636914000000004
736896,41.71679,43.843213,41.23734566666667,44.318749,38.104692,40.30358066666667
736897,41.9939,43.843213,41.23734566666667,44.318749,38.104692,40.30358066666667
736898,41.7831,42.843213,41.23734566666667,44.318749,40.104692,41.30358066666667
736899,41.37473,42.843213,41.595679,44.318749,40.104692,41.30358066666667
736900,41.33853,42.843213,41.595679,44.318749,40.104692,41.636914000000004
736901,41.2835,42.843213,41.595679,44.318749,40.104692,40.136914000000004
736902,41.47915,42.843213,42.53734566666666,44.318749,40.104692,44.636914000000004
736903,41.47915,42.843213,42.53734566666666,44.318749,40.104692,44.636914000000004
736904,41.206579999999995,42.843213,42.53734566666666,40.818749,40.104692,40.136914000000004
736905,41.30453,40.843213,42.53734566666666,40.818749,40.604692,42.136914000000004
736906,41.41338,40.843213,42.79567900000001,40.818749,42.104692,42.136914000000004
736907,41.299,40.843213,42.79567900000001,40.818749,42.104692,39.636914000000004
736908,41.43415,40.843213,42.79567900000001,40.818749,44.104692,39.636914000000004
736909,41.43453,40.843213,40.73734566666666,40.818749,42.104692,40.136914000000004
736910,41.43453,40.843213,40.73734566666666,40.818749,42.104692,40.136914000000004
736911,41.43453,40.843213,40.73734566666666,40.818749,42.104692,40.136914000000004
736912,41.46711,41.843213,40.73734566666666,40.818749,41.104692,40.636914000000004
736913,41.45063,41.843213,42.320679,40.818749,41.104692,39.136914000000004
736914,41.712140000000005,41.843213,42.320679,41.318749,41.104692,40.636914000000004
736915,41.91957,41.843213,42.320679,41.318749,41.104692,40.636914000000004
736916,41.9125,41.843213,43.20401233333333,41.318749,40.104692,41.30358066666667
736917,41.9125,41.843213,43.20401233333333,41.318749,40.104692,41.30358066666667
736918,41.9125,41.843213,43.20401233333333,41.318749,40.104692,41.30358066666667
736919,41.81873,39.843213,43.20401233333333,41.318749,42.104692,40.636914000000004
736920,42.20527,39.843213,43.20401233333333,41.318749,44.104692,40.636914000000004
736921,42.05485,39.843213,43.20401233333333,41.318749,43.104692,42.636914000000004
736922,42.11238,39.843213,43.20401233333333,41.318749,43.104692,42.136914000000004
736923,41.97367,39.843213,43.20401233333333,41.318749,42.104692,37.636914000000004
736924,41.97367,39.843213,43.20401233333333,41.318749,42.104692,37.636914000000004
736925,41.97367,39.843213,43.20401233333333,41.318749,42.104692,37.636914000000004
736926,42.2604,42.843213,43.20401233333333,41.318749,42.104692,41.386914000000004
736927,41.77507,42.843213,43.20401233333333,41.318749,40.104692,41.386914000000004
736928,42.12536,42.843213,42.645679,40.318749,40.104692,41.636914000000004
736929,42.089690000000004,42.843213,42.645679,40.318749,40.104692,45.636914000000004
736930,41.46597,42.843213,42.645679,39.318749,40.104692,40.30358066666667
736931,41.46597,42.843213,42.645679,39.318749,40.104692,40.30358066666667
736932,41.886520000000004,42.843213,42.645679,39.318749,40.104692,40.30358066666667
736933,41.86845,41.843213,42.645679,39.318749,40.104692,41.636914000000004
736934,41.37738,41.843213,39.89925042857143,39.318749,40.104692,42.636914000000004
736935,41.44618,41.843213,39.89925042857143,39.318749,41.104692,41.636914000000004
736936,41.50489,41.843213,39.89925042857143,39.318749,42.104692,41.636914000000004
736937,40.25376,41.843213,39.89925042857143,39.318749,42.104692,40.636914000000004
736938,40.25376,41.843213,39.89925042857143,39.318749,42.104692,40.636914000000004
736939,40.25376,41.843213,39.89925042857143,39.318749,42.104692,40.636914000000004
736940,40.05969,41.843213,39.89925042857143,39.318749,41.104692,40.136914000000004
736941,40.055440000000004,41.843213,39.74210757142857,44.318749,41.104692,40.136914000000004
736942,39.89795,41.843213,39.74210757142857,44.318749,38.604692,38.636914000000004
736943,40.182829999999996,41.843213,39.74210757142857,44.318749,40.104692,41.636914000000004
736944,40.32932,41.843213,39.74210757142857,44.318749,42.104692,41.636914000000004
736945,40.57383,41.843213,39.74210757142857,44.318749,42.104692,41.636914000000004
736946,40.57383,41.843213,39.74210757142857,44.318749,42.104692,41.636914000000004
736947,39.953379999999996,40.843213,39.74210757142857,44.318749,42.104692,38.97024733333334
736948,39.996320000000004,40.843213,40.384964714285715,44.318749,41.104692,38.97024733333334
736949,39.879290000000005,40.843213,40.384964714285715,39.318749,39.104692,42.636914000000004
736950,39.86902,40.843213,40.384964714285715,39.318749,40.104692,38.636914000000004
736951,39.9229,40.843213,40.384964714285715,39.318749,41.104692,38.636914000000004
736952,40.157109999999996,40.843213,40.384964714285715,39.318749,41.104692,38.636914000000004
736953,40.157109999999996,40.843213,40.384964714285715,39.318749,41.104692,38.636914000000004
736954,40.14128,38.843213,40.384964714285715,39.318749,43.104692,39.886914000000004
736955,40.37808,38.843213,41.39925042857143,39.318749,42.104692,39.886914000000004
736956,40.345240000000004,38.843213,41.39925042857143,40.318749,41.104692,41.636914000000004
736957,40.45973,38.843213,41.39925042857143,40.318749,42.104692,41.636914000000004
736958,40.48059,38.843213,41.39925042857143,40.318749,43.104692,41.636914000000004
736959,40.61161,38.843213,41.39925042857143,40.318749,43.104692,41.886914000000004
736960,41.2412,38.843213,41.39925042857143,40.318749,43.104692,41.886914000000004
736961,41.29663,40.843213,41.39925042857143,40.318749,43.104692,41.886914000000004
736962,41.39958,40.843213,42.956393285714285,41.318749,41.104692,39.30358066666667
736963,41.373059999999995,40.843213,42.956393285714285,41.318749,41.104692,41.136914000000004
736964,41.3852,40.843213,42.956393285714285,41.318749,41.104692,41.136914000000004
736965,41.47449,40.843213,42.956393285714285,41.318749,41.104692,44.636914000000004
736966,41.51086,40.843213,42.956393285714285,41.318749,41.104692,41.136914000000004
736967,41.51086,40.843213,42.956393285714285,41.318749,41.104692,41.136914000000004
736968,41.77248,42.843213,42.956393285714285,41.318749,42.104692,40.30358066666667
736969,41.82192,42.843213,41.75639328571429,41.318749,42.104692,40.30358066666667
736970,41.87678,42.843213,41.75639328571429,41.318749,43.104692,37.636914000000004
736971,42.12016,42.843213,41.75639328571429,41.318749,44.104692,42.636914000000004
736972,42.172309999999996,42.843213,41.75639328571429,41.318749,45.104692,40.636914000000004
736973,42.377320000000005,42.843213,41.75639328571429,41.318749,45.104692,40.636914000000004
736974,42.32673,42.843213,41.75639328571429,41.318749,45.104692,41.136914000000004
736975,42.4774,43.843213,41.75639328571429,41.318749,45.104692,42.636914000000004
736976,42.03722,43.843213,38.99925042857142,41.318749,45.104692,38.636914000000004
736977,41.70533,43.843213,38.99925042857142,40.318749,43.104692,40.636914000000004
736978,41.82181,43.843213,38.99925042857142,40.318749,43.104692,41.636914000000004
736979,41.773590000000006,43.843213,38.99925042857142,40.318749,43.104692,41.636914000000004
736980,41.79047,43.843213,38.99925042857142,40.318749,43.104692,41.636914000000004
736981,41.77902,43.843213,38.99925042857142,40.318749,43.104692,41.636914000000004
736982,42.02434,44.843213,38.99925042857142,40.318749,45.104692,41.636914000000004
736983,41.9318,44.843213,39.070679,40.318749,45.104692,40.636914000000004
736984,42.622279999999996,44.843213,42.470679,41.318749,43.104692,41.636914000000004
736985,42.59281,44.843213,42.470679,41.318749,41.104692,43.636914000000004
736986,42.212070000000004,44.843213,42.470679,41.318749,41.104692,39.636914000000004
736987,42.26097,44.843213,42.470679,41.318749,41.104692,40.636914000000004
736988,42.6729,44.843213,42.470679,41.318749,41.104692,42.636914000000004
736989,43.10784,44.843213,42.470679,41.318749,41.104692,41.636914000000004
736990,43.0744,44.843213,42.670679,41.318749,42.104692,41.636914000000004
736991,42.80265,44.843213,41.95401233333333,43.318749,40.104692,42.136914000000004
736992,42.76526,44.843213,36.570679,43.318749,41.104692,41.636914000000004
736993,42.39629,44.843213,36.570679,43.318749,42.104692,41.636914000000004
736994,42.446259999999995,44.843213,36.570679,43.318749,42.104692,41.636914000000004
736995,42.44081,44.843213,36.570679,43.318749,42.104692,41.636914000000004
736996,42.3738,40.843213,36.570679,43.318749,44.104692,40.636914000000004
736997,42.2276,40.843213,42.370678999999996,43.318749,42.104692,39.636914000000004
736998,42.00508,40.843213,42.370678999999996,41.318749,43.104692,42.30358066666667
736999,41.9981,40.843213,42.370678999999996,41.318749,43.104692,42.30358066666667
737000,42.108959999999996,40.843213,42.370678999999996,41.318749,45.104692,41.636914000000004
737001,42.12493,40.843213,42.370678999999996,41.318749,45.104692,41.636914000000004
737002,42.226890000000004,40.843213,42.370678999999996,41.318749,45.104692,41.636914000000004
737003,41.86553,40.843213,42.370678999999996,43.318749,44.104692,42.636914000000004
737004,41.81629,40.843213,41.470679,43.318749,42.104692,42.636914000000004
737005,41.9674,40.843213,42.93734566666666,43.318749,42.104692,40.636914000000004
737006,42.04834,40.843213,42.93734566666666,44.318749,42.104692,40.636914000000004
737007,42.16344,40.843213,42.93734566666666,44.318749,42.104692,42.97024733333334
737008,42.16344,40.843213,42.93734566666666,44.318749,42.104692,42.97024733333334
737009,42.16344,40.843213,42.93734566666666,44.318749,42.104692,42.97024733333334
737010,41.8031,38.843213,42.93734566666666,43.318749,40.104692,42.97024733333334
737011,41.758559999999996,38.843213,42.784964714285714,43.318749,40.104692,42.97024733333334
737012,42.01041,38.843213,42.784964714285714,43.318749,40.104692,42.97024733333334
737013,42.42001,38.843213,42.784964714285714,43.318749,42.104692,42.036914
737014,42.45884,38.843213,42.784964714285714,43.318749,43.104692,41.636914000000004
737015,42.45884,38.843213,42.784964714285714,43.318749,43.104692,41.636914000000004
737016,42.48425,38.843213,42.784964714285714,43.318749,43.104692,41.636914000000004
737017,42.76637,43.843213,42.784964714285714,43.318749,44.104692,41.636914000000004
737018,42.401709999999994,43.843213,43.784964714285714,43.318749,44.104692,41.636914000000004
737019,42.87212,43.843213,43.784964714285714,43.318749,45.104692,40.636914000000004
737020,42.88264,43.843213,43.784964714285714,43.318749,45.104692,40.636914000000004
737021,42.88264,43.843213,43.784964714285714,43.318749,45.104692,40.636914000000004
737022,42.88264,43.843213,43.784964714285714,43.318749,45.104692,40.636914000000004
737023,42.907140000000005,43.843213,43.784964714285714,43.318749,45.104692,40.636914000000004
737024,42.535270000000004,38.843213,43.784964714285714,43.318749,45.104692,40.636914000000004
737025,42.750890000000005,38.843213,44.74210757142857,43.318749,43.104692,40.636914000000004
737026,42.50261,38.843213,44.74210757142857,45.318749,42.104692,40.757603655172424
737027,42.449909999999996,38.843213,44.74210757142857,45.318749,41.104692,40.757603655172424
737028,42.565129999999996,38.843213,44.74210757142857,45.318749,41.104692,41.886914000000004
737029,42.44656,38.843213,44.74210757142857,45.318749,41.104692,41.886914000000004
737030,42.541059999999995,38.843213,44.74210757142857,45.318749,41.104692,41.886914000000004
737031,42.37833,40.843213,44.74210757142857,45.318749,42.104692,41.136914000000004
737032,42.210190000000004,40.843213,43.199250428571425,45.318749,42.104692,42.636914000000004
737033,42.34926,40.843213,43.199250428571425,45.318749,44.104692,43.636914000000004
737034,42.04987,40.843213,43.199250428571425,41.318749,43.104692,41.97024733333334
737035,42.22135,40.843213,43.199250428571425,41.318749,44.104692,41.97024733333334
737036,42.20935,40.843213,43.199250428571425,41.318749,44.104692,41.636914000000004
737037,42.360490000000006,40.843213,43.199250428571425,41.318749,44.104692,43.636914000000004
737038,42.24026,40.843213,43.199250428571425,41.318749,42.104692,42.136914000000004
737039,41.92131,40.843213,42.31353614285714,41.596526777777775,43.104692,42.136914000000004
737040,42.49492,40.843213,42.31353614285714,41.318749,42.104692,42.636914000000004
737041,42.47837,40.843213,42.31353614285714,40.318749,43.104692,42.636914000000004
737042,42.50179,40.843213,42.31353614285714,40.318749,42.104692,41.636914000000004
737043,42.50179,40.843213,42.31353614285714,40.318749,42.104692,41.636914000000004
737044,42.52533,40.843213,42.31353614285714,40.318749,42.104692,41.636914000000004
737045,42.237109999999994,38.843213,42.31353614285714,40.318749,41.104692,42.30358066666667
737046,42.45143,38.843213,44.884964714285715,40.318749,40.104692,42.30358066666667
737047,42.08572,38.843213,44.884964714285715,39.318749,41.104692,41.886914000000004
737048,42.113820000000004,38.843213,44.884964714285715,39.318749,42.104692,42.636914000000004
737049,42.20303,38.843213,44.884964714285715,39.318749,43.104692,42.636914000000004
737050,42.16323,38.843213,44.884964714285715,39.318749,43.104692,40.636914000000004
737051,42.16323,38.843213,44.884964714285715,39.318749,43.104692,40.636914000000004
737052,41.888529999999996,38.843213,44.884964714285715,39.318749,40.104692,39.136914000000004
737053,41.898309999999995,39.843213,43.770679,39.318749,40.104692,39.136914000000004
737054,41.411609999999996,39.843213,42.88734566666667,37.318749,40.104692,39.136914000000004
737055,41.492309999999996,39.843213,42.88734566666667,37.318749,41.104692,43.636914000000004
737056,41.47333,39.843213,42.88734566666667,37.318749,41.104692,43.636914000000004
737057,41.41588,39.843213,42.88734566666667,37.318749,41.104692,40.136914000000004
737058,41.42773,39.843213,42.88734566666667,37.318749,41.104692,41.386914000000004
737059,41.45969,39.843213,42.88734566666667,37.318749,41.104692,42.636914000000004
737060,41.44894,39.843213,42.070679,37.318749,41.104692,42.136914000000004
737061,41.37045,39.843213,41.130679,39.318749,41.104692,42.636914000000004
737062,41.41052,39.843213,41.570679,39.318749,41.104692,41.636914000000004
737063,41.393609999999995,39.843213,41.570679,39.318749,40.104692,41.636914000000004
737064,41.392379999999996,39.843213,41.570679,39.318749,40.104692,41.636914000000004
737065,41.392379999999996,39.843213,41.570679,39.318749,40.104692,41.636914000000004
737066,41.25354,39.843213,40.670679,39.318749,40.104692,40.636914000000004
737067,41.07297,39.843213,39.920679,40.18081796551726,40.104692,40.636914000000004
737068,41.0979,39.843213,39.920679,41.13124900000002,41.104692,40.636914000000004
737069,40.99633,39.843213,39.920679,41.13124900000002,39.104692,40.636914000000004
737070,40.98552,39.843213,39.920679,41.13124900000002,39.104692,42.136914000000004
737071,40.99324,39.843213,39.920679,41.13124900000002,39.104692,40.636914000000004
737072,40.50577,39.843213,39.920679,41.13124900000002,39.104692,37.636914000000004
737073,40.72627,39.843213,39.920679,41.13124900000002,37.104692,37.636914000000004
737074,40.8077,37.843213,41.799250428571426,42.318749,37.104692,42.636914000000004
737075,40.18261,37.843213,41.799250428571426,39.818749,37.104692,39.30358066666667
737076,39.937940000000005,37.843213,41.799250428571426,37.318749,38.104692,39.636914000000004
737077,40.00951,37.843213,41.799250428571426,37.318749,38.104692,38.636914000000004
737078,40.00951,37.843213,41.799250428571426,37.318749,38.104692,38.636914000000004
737079,40.04978,37.843213,41.799250428571426,37.318749,38.104692,39.636914000000004
737080,39.972429999999996,37.843213,41.799250428571426,37.318749,38.104692,38.636914000000004
737081,40.160709999999995,37.843213,41.35639328571428,37.318749,38.104692,40.636914000000004
737082,39.52579,37.843213,41.35639328571428,39.318749,38.104692,40.136914000000004
737083,39.53005,37.843213,41.35639328571428,39.318749,38.104692,41.636914000000004
737084,39.2754,37.843213,41.35639328571428,39.318749,39.104692,39.636914000000004
737085,39.2754,37.843213,41.35639328571428,39.318749,39.104692,39.636914000000004
737086,39.42558,37.843213,41.35639328571428,35.318749,39.104692,40.136914000000004
737087,39.76567,37.843213,41.35639328571428,35.318749,39.104692,42.636914000000004
737088,39.78958,37.843213,39.956393285714285,38.318749,39.104692,41.636914000000004
737089,39.51259,37.843213,39.956393285714285,38.318749,37.104692,38.636914000000004
737090,39.50443,37.843213,39.956393285714285,38.318749,37.104692,38.636914000000004
737091,39.50685,37.843213,39.956393285714285,38.318749,37.104692,41.636914000000004
737092,39.5565,37.843213,39.956393285714285,38.318749,37.104692,41.636914000000004
737093,39.53487,37.843213,39.956393285714285,38.318749,37.104692,39.636914000000004
737094,39.78125,37.843213,39.956393285714285,39.318749,39.104692,37.636914000000004
737095,39.93347,37.843213,39.770678999999994,39.318749,42.104692,40.636914000000004
737096,39.96864,37.843213,39.770678999999994,39.318749,42.104692,40.636914000000004
737097,40.06154,37.843213,39.770678999999994,39.318749,43.104692,41.636914000000004
737098,40.2227,37.843213,39.770678999999994,39.318749,44.104692,40.636914000000004
737099,40.2227,37.843213,39.770678999999994,39.318749,44.104692,40.636914000000004
737100,40.221790000000006,37.843213,39.770678999999994,39.318749,44.104692,41.136914000000004
737101,40.36388,37.843213,39.770678999999994,39.318749,46.104692,40.636914000000004
737102,40.46846,37.843213,38.670679,40.318749,44.104692,40.636914000000004
737103,41.47137,44.843213,38.270679,40.318749,44.104692,41.97024733333334
737104,41.50784,44.843213,38.270679,40.318749,44.104692,42.636914000000004
737105,41.65232,44.843213,38.270679,40.318749,44.104692,43.636914000000004
737106,41.77002,44.843213,38.270679,40.318749,44.104692,43.636914000000004
737107,41.84582,44.843213,38.270679,40.318749,44.104692,44.636914000000004
737108,41.84088,44.843213,38.270679,40.318749,44.104692,41.636914000000004
737109,41.94509,44.843213,41.32782185714286,39.318749,43.104692,42.636914000000004
737110,42.02028,44.843213,41.32782185714286,39.318749,43.104692,44.636914000000004
737111,42.45333,44.843213,41.32782185714286,39.318749,43.104692,42.636914000000004
737112,42.69892,44.843213,41.32782185714286,40.818749,43.104692,41.136914000000004
737113,42.69892,44.843213,41.32782185714286,40.818749,43.104692,41.136914000000004
737114,42.70221,44.843213,41.32782185714286,40.818749,43.104692,42.636914000000004
737115,42.62473,44.843213,41.32782185714286,40.818749,43.104692,42.636914000000004
737116,42.25564,44.843213,41.24210757142857,39.318749,43.104692,42.636914000000004
737117,42.235,44.843213,41.24210757142857,39.318749,43.104692,42.136914000000004
737118,42.27412,44.843213,41.24210757142857,39.318749,43.104692,41.136914000000004
737119,41.958079999999995,44.843213,41.24210757142857,39.318749,43.104692,41.136914000000004
737120,41.960229999999996,44.843213,41.24210757142857,39.318749,43.104692,42.636914000000004
737121,42.26125,44.843213,41.24210757142857,39.318749,43.104692,41.136914000000004
737122,42.13333,44.843213,41.24210757142857,39.318749,41.104692,41.136914000000004
737123,41.49785,43.843213,40.642107571428575,39.818749,42.104692,42.636914000000004
737124,41.81863,43.843213,40.642107571428575,39.818749,42.104692,42.30358066666667
737125,41.93483,43.843213,40.642107571428575,39.818749,44.104692,42.30358066666667
737126,41.76988,43.843213,40.642107571428575,39.318749,44.104692,41.636914000000004
737127,41.76654,43.843213,40.642107571428575,39.318749,44.104692,41.636914000000004
737128,41.76654,43.843213,40.642107571428575,39.318749,44.104692,41.636914000000004
737129,41.73955,43.843213,40.642107571428575,39.318749,43.104692,41.636914000000004
737130,41.73809,43.843213,41.25639328571428,39.318749,41.104692,41.636914000000004
737131,41.71772,43.843213,41.25639328571428,39.318749,41.104692,42.636914000000004
737132,41.64219,39.843213,41.25639328571428,39.318749,43.104692,42.636914000000004
737133,41.413540000000005,39.843213,41.25639328571428,40.318749,42.104692,38.636914000000004
737134,41.46376,39.843213,41.25639328571428,40.318749,42.104692,43.636914000000004
737135,41.43812,39.843213,41.25639328571428,40.318749,42.104692,40.636914000000004
737136,41.58909,39.843213,41.25639328571428,40.318749,41.104692,40.636914000000004
737137,41.53641,39.843213,41.49925042857142,38.98541566666666,41.104692,41.636914000000004
737138,41.412620000000004,39.843213,41.49925042857142,39.318749,42.104692,41.136914000000004
737139,41.64378,39.843213,41.49925042857142,39.318749,43.104692,43.636914000000004
737140,41.88325,39.843213,41.49925042857142,39.318749,39.104692,41.136914000000004
737141,41.88325,39.843213,41.49925042857142,39.318749,39.104692,41.136914000000004
737142,42.149770000000004,39.843213,41.49925042857142,39.318749,39.104692,41.636914000000004
737143,42.33524,39.843213,41.49925042857142,39.318749,39.104692,41.636914000000004
737144,41.903659999999995,39.843213,40.370679,39.318749,41.104692,40.636914000000004
737145,41.889990000000004,39.843213,40.370679,39.318749,43.104692,42.636914000000004
737146,41.881370000000004,39.843213,40.370679,39.318749,44.104692,39.636914000000004
737147,41.94569,39.843213,40.370679,39.318749,43.104692,39.636914000000004
737148,41.94569,39.843213,40.370679,39.318749,43.104692,39.636914000000004
737149,42.13171,39.843213,40.370679,39.318749,43.104692,44.136914000000004
737150,42.13772,39.843213,40.370679,39.318749,45.104692,44.136914000000004
737151,41.921929999999996,39.843213,42.920679,39.318749,42.104692,42.636914000000004
737152,42.15228,39.843213,42.920679,39.318749,44.104692,43.636914000000004
737153,42.1402,39.843213,42.920679,39.318749,43.104692,43.636914000000004
737154,42.23625,39.843213,42.920679,39.318749,45.104692,42.136914000000004
737155,42.17388,39.843213,42.920679,39.318749,45.104692,40.636914000000004
737156,42.138690000000004,39.843213,42.920679,39.318749,45.104692,40.636914000000004
737157,42.31174,39.843213,42.920679,39.318749,45.104692,40.636914000000004
737158,41.98899,39.843213,41.79567900000001,39.118748999999994,47.104692,43.636914000000004
737159,41.85086,39.843213,41.79567900000001,39.118748999999994,45.104692,40.97024733333334
737160,41.876290000000004,39.843213,41.79567900000001,39.118748999999994,44.104692,40.97024733333334
737161,42.12738,45.843213,41.79567900000001,39.118748999999994,43.104692,40.136914000000004
737162,42.12738,45.843213,41.79567900000001,39.118748999999994,43.104692,40.136914000000004
737163,42.18553,45.843213,41.79567900000001,39.118748999999994,43.104692,42.636914000000004
737164,41.94808,45.843213,41.79567900000001,39.318749,44.104692,41.636914000000004
737165,42.118320000000004,45.843213,39.270679,41.318749,46.104692,43.636914000000004
737166,41.95601,45.843213,40.570679,41.318749,46.104692,41.636914000000004
737167,41.95035,45.843213,40.570679,41.318749,44.104692,42.136914000000004
737168,41.58872,45.843213,37.570679,41.318749,43.104692,40.636914000000004
737169,41.59775,45.843213,37.570679,41.318749,43.104692,41.636914000000004
737170,41.59775,45.843213,37.570679,41.318749,43.104692,41.636914000000004
737171,41.28224,45.843213,37.570679,41.318749,41.104692,44.136914000000004
737172,41.304629999999996,45.843213,37.570679,38.65208233333333,43.104692,44.136914000000004
737173,41.3476,45.843213,40.570679,40.318749,43.104692,41.636914000000004
737174,41.37328,45.843213,40.570679,39.318749,44.104692,41.636914000000004
737175,41.14526,45.843213,40.570679,39.318749,43.104692,41.636914000000004
737176,41.1721,45.843213,40.570679,39.318749,43.104692,42.636914000000004
737177,41.1721,45.843213,40.570679,39.318749,43.104692,42.636914000000004
737178,41.2266,45.843213,40.570679,39.318749,42.104692,43.136914000000004
737179,41.06827,45.843213,40.570679,38.318749,43.104692,43.136914000000004
737180,41.536640000000006,45.843213,39.570679,38.318749,44.104692,42.636914000000004
737181,41.777609999999996,45.843213,39.570679,38.318749,45.104692,40.636914000000004
737182,42.32113,46.843213,39.570679,38.318749,44.104692,41.636914000000004
737183,42.32113,46.843213,39.570679,38.318749,44.104692,41.636914000000004
737184,42.66097,46.843213,39.570679,38.318749,44.104692,41.636914000000004
737185,42.73124,46.843213,39.570679,38.318749,44.104692,42.636914000000004
737186,42.88278,46.843213,39.570679,38.318749,43.104692,41.636914000000004
737187,42.44097,46.843213,39.570679,41.318749,43.104692,42.636914000000004
737188,42.42705,46.843213,39.570679,41.318749,43.104692,40.636914000000004
737189,42.415409999999994,46.843213,39.570679,41.318749,43.104692,40.636914000000004
737190,42.41223,46.843213,39.570679,41.318749,43.104692,42.136914000000004
737191,42.41223,46.843213,39.570679,41.318749,43.104692,42.136914000000004
737192,42.394729999999996,46.843213,39.570679,41.318749,44.104692,42.636914000000004
737193,42.27468,46.843213,39.570679,37.98541566666666,43.104692,41.636914000000004
737194,42.16721,46.843213,39.570679,37.98541566666666,42.104692,42.636914000000004
737195,42.03411,46.843213,39.570679,37.98541566666666,39.104692,42.636914000000004
737196,41.97104,42.843213,39.570679,37.98541566666666,39.104692,41.136914000000004
737197,41.93738,42.843213,39.570679,37.98541566666666,39.104692,40.636914000000004
737198,41.93738,42.843213,39.570679,37.98541566666666,39.104692,40.636914000000004
737199,41.81188,42.843213,39.570679,37.98541566666666,38.104692,40.636914000000004
737200,41.18523,42.843213,39.570679,36.318749,40.104692,40.636914000000004
737201,41.145579999999995,42.843213,41.570679,39.65208233333333,40.104692,41.636914000000004
737202,41.22968,42.843213,41.570679,39.65208233333333,41.104692,41.436914
737203,41.22525,42.843213,41.570679,39.65208233333333,40.104692,42.636914000000004
737204,41.22525,42.843213,41.570679,39.65208233333333,40.104692,42.636914000000004
737205,41.22525,42.843213,41.570679,39.65208233333333,40.104692,42.636914000000004
737206,41.1946,42.843213,41.570679,39.65208233333333,40.104692,42.636914000000004
737207,41.11877,42.843213,41.570679,38.318749,40.104692,42.636914000000004
737208,41.17459,42.843213,41.570679,38.318749,41.104692,42.636914000000004
737209,41.2495,42.843213,41.570679,38.318749,42.104692,42.636914000000004
737210,41.16404,42.843213,41.570679,38.318749,42.104692,42.636914000000004
737211,41.16404,42.843213,41.570679,38.318749,42.104692,42.636914000000004
737212,41.53774,42.843213,41.570679,38.318749,42.104692,42.636914000000004
737213,41.593059999999994,42.843213,41.570679,40.318749,41.104692,42.47024733333333
737214,41.54452,42.843213,41.570679,39.318749,43.104692,42.47024733333333
737215,41.59452,40.843213,41.570679,41.318749,43.104692,42.636914000000004
737216,41.47568,40.843213,39.570679,41.318749,44.104692,42.636914000000004
737217,41.58097,40.843213,39.570679,41.318749,42.104692,42.636914000000004
737218,41.593990000000005,40.843213,39.570679,41.318749,42.104692,42.636914000000004
737219,41.593990000000005,40.843213,39.570679,41.318749,42.104692,42.636914000000004
737220,42.05388,40.843213,39.570679,41.318749,44.104692,43.636914000000004
737221,41.9846,40.843213,39.570679,38.65208233333333,43.104692,44.136914000000004
737222,42.08207,40.843213,40.570679,37.318749,45.104692,43.303580666666676
737223,42.27949,40.843213,40.570679,37.318749,44.104692,45.636914000000004
737224,42.38241,40.843213,40.570679,37.318749,45.104692,43.636914000000004
737225,42.38241,40.843213,40.570679,37.318749,45.104692,43.636914000000004
737226,42.63055,40.843213,40.570679,37.318749,45.104692,43.636914000000004
737227,42.46795,40.843213,40.570679,37.318749,42.104692,42.636914000000004
737228,42.46444,40.843213,41.570679,37.318749,42.104692,42.636914000000004
737229,42.492470000000004,43.843213,41.570679,38.818749,41.104692,43.636914000000004
737230,42.477779999999996,43.843213,41.570679,41.318749,44.104692,45.636914000000004
737231,42.61736,43.843213,41.570679,38.318749,43.104692,43.136914000000004
737232,42.60138,43.843213,41.570679,38.318749,43.104692,43.136914000000004
737233,42.5964,43.843213,41.570679,38.318749,43.104692,42.636914000000004
737234,42.47824,43.843213,41.570679,38.318749,42.104692,40.636914000000004
737235,42.28614,43.843213,41.570679,40.818749,41.104692,43.636914000000004
737236,42.23874,43.843213,41.570679,40.818749,42.104692,42.636914000000004
737237,42.29902,43.843213,41.570679,40.818749,44.104692,40.636914000000004
737238,42.3429,43.843213,41.570679,40.818749,43.104692,44.636914000000004
737239,42.3288,43.843213,41.570679,40.818749,43.104692,42.636914000000004
737240,42.312490000000004,43.843213,41.570679,40.818749,43.104692,41.636914000000004
737241,42.18854,43.843213,41.570679,40.818749,41.104692,40.636914000000004
737242,42.30627,43.843213,41.570679,38.48541566666666,42.104692,42.636914000000004
737243,42.27202,41.843213,41.570679,38.48541566666666,43.104692,41.636914000000004
737244,42.27202,41.843213,41.570679,38.48541566666666,43.104692,41.636914000000004
737245,42.27202,41.843213,41.570679,38.48541566666666,43.104692,41.636914000000004
737246,42.27202,41.843213,41.570679,38.48541566666666,43.104692,41.636914000000004
737247,42.63196,41.843213,41.570679,38.48541566666666,43.104692,43.303580666666676
737248,42.55466,41.843213,41.570679,39.318749,44.104692,43.303580666666676
737249,42.56955,41.843213,41.570679,39.318749,43.104692,43.886914000000004
737250,42.515679999999996,41.843213,41.570679,39.318749,43.104692,41.136914000000004
737251,42.39655,41.843213,41.570679,39.318749,42.104692,43.636914000000004
737252,42.38647,41.843213,41.570679,39.318749,40.104692,45.636914000000004
737253,42.39304,41.843213,41.570679,39.318749,40.104692,42.636914000000004
737254,42.575179999999996,41.843213,41.570679,39.318749,40.104692,43.636914000000004
737255,42.39311,41.843213,41.570679,39.318749,40.104692,42.636914000000004
737256,42.26181,41.843213,41.570679,39.318749,42.104692,42.636914000000004
737257,42.36789,41.843213,41.570679,39.318749,44.104692,44.636914000000004
737258,42.51968,44.843213,41.570679,39.318749,43.104692,42.636914000000004
737259,42.69924,44.843213,41.570679,39.318749,44.104692,43.636914000000004
737260,42.69924,44.843213,41.570679,39.318749,44.104692,43.636914000000004
737261,42.69075,44.843213,41.570679,39.318749,44.104692,43.636914000000004
737262,42.973459999999996,44.843213,41.570679,40.318749,43.104692,43.636914000000004
737263,42.71822,44.843213,41.570679,37.518749,44.104692,42.636914000000004
737264,42.721920000000004,44.843213,41.570679,37.518749,42.104692,41.636914000000004
737265,42.653909999999996,44.843213,41.570679,37.518749,42.104692,41.636914000000004
737266,42.54303,44.843213,41.570679,37.518749,41.104692,41.636914000000004
737267,42.50711,44.843213,41.570679,37.518749,41.104692,40.636914000000004
737268,42.55053,44.843213,41.570679,37.518749,41.104692,43.636914000000004
737269,42.4653,44.843213,41.570679,37.518749,41.104692,42.636914000000004
737270,42.84758,44.843213,41.570679,37.318749,41.104692,44.636914000000004
737271,42.41258,44.843213,39.570679,40.318749,41.104692,41.636914000000004
737272,42.479279999999996,44.843213,39.570679,40.318749,42.104692,43.636914000000004
737273,42.34539,44.843213,39.570679,40.318749,42.104692,43.636914000000004
737274,42.32873,44.843213,39.570679,40.318749,42.104692,41.636914000000004
737275,42.39501,44.843213,39.570679,40.318749,42.104692,44.636914000000004
737276,42.40977,42.843213,39.570679,40.318749,42.104692,41.636914000000004
737277,42.30338,42.843213,39.570679,41.318749,43.104692,40.636914000000004
737278,42.064370000000004,42.843213,41.570679,39.318749,41.104692,41.636914000000004
737279,42.13394,42.843213,41.570679,39.318749,41.104692,42.636914000000004
737280,42.09775,42.843213,41.570679,39.318749,41.104692,41.636914000000004
737281,42.110659999999996,42.843213,41.570679,39.318749,41.104692,41.636914000000004
737282,42.1351,42.843213,41.570679,39.318749,41.104692,42.636914000000004
737283,42.04562,42.843213,41.570679,39.318749,41.104692,42.636914000000004
737284,41.83497,42.843213,41.570679,38.818749,40.104692,42.136914000000004
737285,41.72423,42.843213,42.570679,38.818749,39.104692,41.636914000000004
737286,42.190740000000005,42.843213,42.570679,38.818749,40.104692,43.636914000000004
737287,42.12044,41.843213,42.570679,38.818749,40.104692,43.636914000000004
737288,42.12044,41.843213,42.570679,38.818749,40.104692,43.636914000000004
737289,42.14217,41.843213,42.570679,38.818749,40.104692,43.636914000000004
737290,42.15096,41.843213,43.570679,38.818749,40.104692,43.636914000000004
737291,41.96317,41.843213,43.570679,38.318749,38.104692,42.636914
737292,41.93464,41.843213,41.570679,40.318749,40.104692,42.636914000000004
737293,41.457,41.843213,41.570679,40.318749,42.104692,42.636914000000004
737294,41.59114,41.843213,41.570679,40.318749,44.104692,42.136914000000004
737295,41.62464,41.843213,41.570679,40.318749,44.104692,43.636914000000004
737296,41.60328,41.843213,41.570679,40.318749,44.104692,41.636914000000004
737297,41.543,41.843213,41.570679,40.318749,42.104692,41.636914000000004
737298,41.32244,41.843213,41.570679,38.318749,41.104692,40.136914000000004
737299,41.26299,41.843213,39.570679,38.318749,41.104692,43.636914000000004
737300,41.27499,41.843213,39.570679,38.318749,41.104692,43.636914000000004
737301,41.263709999999996,41.843213,39.570679,38.318749,41.104692,42.636914000000004
737302,41.263709999999996,41.843213,39.570679,38.318749,41.104692,42.636914000000004
737303,41.263709999999996,41.843213,39.570679,38.318749,41.104692,42.636914000000004
737304,41.163509999999995,41.843213,39.570679,38.318749,39.104692,42.636914000000004
737305,41.46416,41.843213,39.570679,38.318749,40.104692,43.636914000000004
737306,41.35923,41.843213,40.570679,38.318749,40.104692,43.636914000000004
737307,41.39689,41.843213,40.570679,38.318749,40.104692,43.636914000000004
737308,41.38813,39.843213,40.570679,38.318749,40.104692,42.636914000000004
737309,41.459579999999995,39.843213,40.570679,38.318749,40.104692,44.636914000000004
737310,41.49765,39.843213,40.570679,38.318749,40.104692,42.636914000000004
737311,41.506890000000006,39.843213,40.570679,38.318749,40.104692,42.636914000000004
737312,41.01595,39.843213,40.570679,39.318749,41.104692,43.136914000000004
737313,41.48745,39.843213,43.570679,39.318749,41.104692,42.636914000000004
737314,41.65084,39.843213,43.570679,39.318749,42.104692,43.136914000000004
737315,41.63035,39.843213,43.570679,39.318749,41.104692,42.636914000000004
737316,41.63035,39.843213,43.570679,39.318749,41.104692,42.636914000000004
737317,41.61408,39.843213,43.570679,39.318749,41.104692,41.636914000000004
737318,41.767140000000005,39.843213,43.570679,41.318749,44.104692,42.136914000000004
737319,41.78471,39.843213,43.570679,41.318749,43.104692,42.136914000000004
737320,41.77494,39.843213,40.570679,42.318749,45.104692,41.136914000000004
737321,42.066629999999996,43.843213,40.570679,42.318749,43.104692,41.636914000000004
737322,42.206520000000005,43.843213,40.570679,42.318749,46.104692,41.636914000000004
737323,42.178309999999996,43.843213,40.570679,42.318749,46.104692,40.636914000000004
737324,42.44057,43.843213,40.570679,42.318749,46.104692,42.636914000000004
737325,42.43841,43.843213,40.570679,40.318749,46.104692,42.636914000000004
737326,43.13648,43.843213,43.570679,37.318749,47.104692,43.136914000000004
737327,42.93504,43.843213,40.570679,39.318749,45.104692,41.636914000000004
737328,42.79345,43.843213,40.570679,39.318749,43.104692,40.636914000000004
737329,42.77737,43.843213,40.570679,39.318749,42.104692,41.636914000000004
737330,42.77737,43.843213,40.570679,39.318749,42.104692,41.636914000000004
737331,42.77737,43.843213,40.570679,39.318749,42.104692,41.636914000000004
737332,42.1251,43.843213,39.570679,37.65208233333333,43.104692,41.636914000000004
737333,41.47866,43.843213,39.570679,37.65208233333333,42.104692,41.636914000000004
737334,41.27147,43.843213,40.570679,39.318749,42.104692,41.836914
737335,41.20785,40.843213,40.570679,39.318749,41.104692,41.636914000000004
737336,41.60159,40.843213,40.570679,39.318749,42.104692,42.136914000000004
737337,41.60159,40.843213,40.570679,39.318749,42.104692,42.136914000000004
737338,41.60159,40.843213,40.570679,39.318749,42.104692,42.136914000000004
737339,41.52132,40.843213,40.570679,39.318749,41.104692,42.136914000000004
737340,41.626329999999996,40.843213,39.570679,39.65208233333333,39.104692,42.136914000000004
737341,41.59834,40.843213,39.570679,39.65208233333333,40.104692,43.636914000000004
737342,41.86902,40.843213,39.570679,40.318749,41.104692,43.136914000000004
737343,42.12035,40.843213,39.570679,40.318749,43.104692,43.136914000000004
737344,42.09176,40.843213,39.570679,39.318749,43.104692,40.636914000000004
737345,42.16757,40.843213,39.570679,39.318749,43.104692,44.636914000000004
737346,41.99435,40.843213,39.570679,39.318749,43.104692,44.636914000000004
737347,41.67105,40.843213,40.570679,36.068749,43.104692,44.236914000000006
737348,41.62344,39.843213,40.570679,36.068749,44.104692,40.636914000000004
737349,41.55617,39.843213,40.570679,36.068749,42.104692,40.636914000000004
737350,41.52386,39.843213,40.570679,36.068749,41.104692,39.636914000000004
737351,41.52386,39.843213,40.570679,36.068749,41.104692,39.636914000000004
737352,41.53567,39.843213,40.570679,36.068749,41.104692,41.636914000000004
737353,41.208040000000004,39.843213,40.570679,36.068749,39.104692,42.636914000000004
737354,41.257909999999995,39.843213,40.570679,39.318749,39.104692,42.636914000000004
737355,40.760259999999995,39.843213,39.570679,39.318749,38.104692,42.636914000000004
737356,40.566990000000004,39.843213,39.570679,38.318749,37.104692,40.30358066666667
737357,40.68325,39.843213,39.570679,38.318749,37.104692,43.636914000000004
737358,40.698617999999996,39.843213,39.570679,38.318749,37.104692,41.636914000000004
737359,40.687020000000004,39.843213,39.570679,38.318749,37.104692,40.636914000000004
737360,40.712409,39.843213,39.570679,38.318749,39.104692,40.636914000000004
737361,40.610687,39.843213,39.570679,38.98541566666666,40.104692,42.136914000000004
737362,41.088179,39.843213,40.570679,41.318749,41.104692,40.636914000000004
737363,41.125309,39.843213,40.570679,38.318749,39.104692,39.636914000000004
737364,40.880157000000004,39.843213,40.570679,38.318749,39.104692,43.636914000000004
737365,40.909749,39.843213,40.570679,38.318749,39.104692,41.636914000000004
737366,41.150048999999996,39.843213,40.570679,38.318749,39.104692,41.636914000000004
737367,41.068552000000004,39.843213,40.570679,38.318749,38.104692,41.636914000000004
737368,41.319083,41.843213,40.570679,37.818749,40.104692,41.97024733333334
737369,41.213352,41.843213,40.570679,37.818749,40.104692,41.636914000000004
737370,41.391076,41.843213,40.570679,37.818749,44.104692,42.136914000000004
737371,41.388511,41.843213,40.570679,37.818749,43.104692,42.136914000000004
737372,41.388511,41.843213,40.570679,37.818749,43.104692,42.136914000000004
737373,41.38862,41.843213,40.570679,37.818749,43.104692,42.136914000000004
737374,41.388833,41.843213,40.570679,37.818749,41.104692,42.136914000000004
737375,41.10089,41.843213,40.570679,39.318749,38.104692,42.136914000000004
737376,40.950028,41.843213,39.570679,37.65208233333333,40.104692,40.97024733333333
737377,41.151785,41.843213,39.570679,37.65208233333333,42.104692,49.336914
737378,41.196125,41.843213,41.570679,37.318749,44.104692,42.636914000000004
737379,41.196125,41.843213,41.570679,37.318749,44.104692,42.636914000000004
737380,41.196125,41.843213,41.570679,37.318749,44.104692,42.636914000000004
737381,41.218683,41.843213,41.570679,39.318749,44.104692,41.97024733333334
737382,41.285517999999996,41.843213,41.570679,38.318749,42.104692,45.636914000000004
737383,41.351546,43.843213,40.570679,36.318749,42.104692,39.636914000000004
737384,41.876382,43.843213,40.570679,36.318749,40.104692,42.636914000000004
737385,41.891828000000004,43.843213,40.570679,38.818749,40.104692,43.636914000000004
737386,41.891828000000004,43.843213,40.570679,38.818749,40.104692,43.636914000000004
737387,41.891828000000004,43.843213,40.570679,38.818749,40.104692,43.636914000000004
737388,41.725396999999994,43.843213,40.570679,38.818749,38.104692,41.636914000000004
737389,41.740203,43.843213,40.570679,37.818749,40.104692,41.636914000000004
